,class
5934,irony
1317,incitement
3907,white_grievance
3509,incitement
3602,incitement
1116,incitement
5599,threatening
4603,threatening
3449,inferiority
2979,incitement
1433,white_grievance
4313,inferiority
2930,white_grievance
388,white_grievance
410,incitement
142,white_grievance
1254,stereotypical
2466,stereotypical
569,white_grievance
3773,white_grievance
4200,inferiority
4876,irony
1430,irony
2238,white_grievance
2687,white_grievance
2109,white_grievance
3484,incitement
3911,irony
59,other
6201,irony
3637,white_grievance
2179,white_grievance
5830,inferiority
1142,inferiority
5246,threatening
3022,incitement
2661,stereotypical
3699,white_grievance
2817,white_grievance
844,threatening
6230,stereotypical
726,inferiority
6336,irony
3406,white_grievance
812,incitement
5369,threatening
104,inferiority
3572,stereotypical
5277,incitement
2523,incitement
5201,threatening
1615,incitement
3761,incitement
1144,incitement
920,incitement
2923,incitement
1465,inferiority
2868,incitement
1866,white_grievance
4016,white_grievance
2866,stereotypical
1962,stereotypical
4560,inferiority
2228,white_grievance
3522,incitement
6244,inferiority
5143,threatening
2422,white_grievance
2697,incitement
252,incitement
3557,white_grievance
4271,inferiority
3578,incitement
3835,stereotypical
934,white_grievance
3375,white_grievance
2484,incitement
3644,inferiority
4669,inferiority
2815,stereotypical
1489,white_grievance
6258,other
3786,incitement
78,white_grievance
2169,white_grievance
1557,white_grievance
1683,other
3768,threatening
5774,threatening
1196,white_grievance
3976,white_grievance
2405,white_grievance
4783,inferiority
4790,irony
2813,incitement
3386,incitement
25,white_grievance
5711,threatening
1938,white_grievance
618,irony
4453,threatening
161,incitement
454,incitement
220,white_grievance
4066,white_grievance
2603,white_grievance
125,white_grievance
82,stereotypical
3212,incitement
2040,white_grievance
3020,stereotypical
6111,irony
2256,incitement
4212,inferiority
275,stereotypical
5063,threatening
6047,inferiority
853,white_grievance
301,white_grievance
797,white_grievance
195,white_grievance
870,irony
5468,irony
4808,irony
2235,incitement
2488,white_grievance
2975,stereotypical
6217,inferiority
5936,irony
365,incitement
476,stereotypical
4703,irony
2503,white_grievance
4877,irony
574,white_grievance
6182,irony
2691,incitement
3892,incitement
4589,inferiority
2469,incitement
4105,incitement
231,white_grievance
734,irony
4514,inferiority
5675,threatening
2974,inferiority
3939,white_grievance
240,white_grievance
1599,stereotypical
5992,irony
2187,stereotypical
4888,irony
4942,white_grievance
5919,irony
5884,irony
5594,threatening
3866,white_grievance
456,threatening
2486,white_grievance
3266,white_grievance
2713,incitement
1593,stereotypical
1511,inferiority
3561,incitement
4323,inferiority
5775,incitement
1624,other
1294,white_grievance
467,stereotypical
5857,irony
4768,irony
6252,stereotypical
1632,stereotypical
1183,white_grievance
2383,incitement
5259,stereotypical
2824,incitement
3495,irony
969,white_grievance
586,white_grievance
780,white_grievance
311,white_grievance
3540,incitement
3971,white_grievance
5900,irony
4714,irony
2482,incitement
1161,irony
4565,inferiority
6036,irony
130,white_grievance
1966,white_grievance
4444,threatening
919,stereotypical
4233,inferiority
5148,threatening
4184,inferiority
214,white_grievance
480,white_grievance
4357,inferiority
3673,stereotypical
5801,threatening
3117,stereotypical
827,incitement
4881,inferiority
5011,inferiority
6051,irony
1578,white_grievance
4724,inferiority
6106,irony
1513,white_grievance
3112,incitement
6052,irony
896,stereotypical
2070,inferiority
4258,inferiority
4691,irony
1270,white_grievance
2083,other
3124,white_grievance
4459,irony
2941,incitement
990,white_grievance
4872,irony
4532,inferiority
2636,white_grievance
2075,stereotypical
5479,threatening
3450,white_grievance
36,incitement
1338,incitement
4097,stereotypical
4506,inferiority
6313,inferiority
613,incitement
2048,white_grievance
803,incitement
506,incitement
1888,white_grievance
3875,white_grievance
1733,incitement
1663,stereotypical
6044,irony
744,white_grievance
4972,inferiority
6151,irony
762,white_grievance
5530,threatening
5927,irony
1571,stereotypical
86,white_grievance
2853,incitement
3172,inferiority
4222,inferiority
320,stereotypical
2957,incitement
675,incitement
1308,stereotypical
5302,threatening
1934,white_grievance
3544,threatening
799,incitement
2852,white_grievance
5346,threatening
2572,incitement
1873,inferiority
3316,white_grievance
4588,inferiority
1550,white_grievance
221,stereotypical
5860,irony
2195,white_grievance
3200,white_grievance
755,stereotypical
5747,threatening
5320,threatening
558,irony
4836,irony
5605,threatening
1106,incitement
4462,inferiority
3899,white_grievance
1280,white_grievance
3334,stereotypical
4996,stereotypical
400,white_grievance
4852,irony
5016,irony
4276,inferiority
6163,irony
137,incitement
4434,inferiority
4969,inferiority
5176,white_grievance
2165,incitement
3389,white_grievance
4465,stereotypical
2574,incitement
1220,white_grievance
5915,irony
3711,inferiority
2597,incitement
6015,irony
5544,threatening
4072,white_grievance
4231,inferiority
2563,incitement
263,threatening
6046,irony
5204,incitement
4822,irony
5424,threatening
6176,inferiority
338,stereotypical
3759,stereotypical
1564,white_grievance
1337,incitement
171,incitement
1260,incitement
1875,stereotypical
1023,stereotypical
1715,irony
1422,stereotypical
2754,stereotypical
3311,white_grievance
5082,threatening
5875,inferiority
3855,incitement
2440,incitement
4054,incitement
3850,incitement
4562,inferiority
6123,irony
6005,irony
154,stereotypical
3900,incitement
1064,white_grievance
3952,white_grievance
1137,white_grievance
5149,threatening
829,incitement
6238,other
3504,white_grievance
5753,threatening
1929,white_grievance
1068,white_grievance
4456,stereotypical
5855,threatening
2622,stereotypical
2842,white_grievance
5080,threatening
3240,stereotypical
5483,irony
2827,incitement
4987,irony
2381,stereotypical
3293,white_grievance
6035,irony
4287,inferiority
5942,irony
3563,incitement
521,white_grievance
1492,stereotypical
1956,irony
5229,threatening
2398,white_grievance
5089,threatening
4843,inferiority
4791,irony
5976,irony
6330,irony
1080,incitement
6341,irony
776,stereotypical
4477,inferiority
4982,white_grievance
3157,white_grievance
4092,stereotypical
631,white_grievance
4938,irony
2816,stereotypical
162,stereotypical
1122,stereotypical
6162,irony
4679,irony
3103,stereotypical
3854,stereotypical
2867,incitement
3513,white_grievance
1507,incitement
3752,incitement
1998,inferiority
5676,threatening
4710,inferiority
3934,white_grievance
6092,irony
2649,incitement
6074,irony
1819,incitement
236,white_grievance
3649,stereotypical
1834,stereotypical
6179,irony
5677,threatening
1111,irony
6010,irony
3552,white_grievance
2067,incitement
1914,stereotypical
498,incitement
1800,stereotypical
742,threatening
5138,threatening
2249,incitement
5990,irony
1306,stereotypical
1679,stereotypical
1016,white_grievance
1724,white_grievance
6316,white_grievance
4344,inferiority
5341,threatening
1416,stereotypical
1373,stereotypical
928,irony
3059,stereotypical
4193,inferiority
5174,threatening
891,white_grievance
5146,white_grievance
3360,stereotypical
2561,incitement
3842,stereotypical
335,white_grievance
1299,white_grievance
1289,white_grievance
1957,inferiority
639,white_grievance
3213,incitement
4596,threatening
4257,inferiority
6049,irony
1628,incitement
929,white_grievance
5535,threatening
3797,white_grievance
1763,white_grievance
4337,inferiority
4917,threatening
2606,white_grievance
1029,white_grievance
90,white_grievance
2804,stereotypical
105,white_grievance
2230,incitement
2755,white_grievance
3539,incitement
1237,stereotypical
4668,irony
1650,white_grievance
4236,inferiority
2906,incitement
3198,white_grievance
339,incitement
1740,incitement
3290,incitement
2810,incitement
2913,incitement
5440,threatening
2423,white_grievance
1181,stereotypical
4441,inferiority
5307,threatening
983,stereotypical
417,stereotypical
3418,incitement
1341,stereotypical
2322,incitement
3051,white_grievance
3870,white_grievance
2722,white_grievance
3535,other
4556,inferiority
3960,irony
3263,stereotypical
701,white_grievance
3959,white_grievance
1098,stereotypical
2189,stereotypical
6082,inferiority
3155,white_grievance
3942,incitement
6242,white_grievance
250,white_grievance
4221,inferiority
6063,irony
5304,white_grievance
4392,stereotypical
3122,white_grievance
163,threatening
1133,stereotypical
5458,threatening
3821,stereotypical
112,stereotypical
5108,threatening
4408,inferiority
4061,incitement
6048,irony
5750,threatening
3309,threatening
4273,inferiority
5694,threatening
1348,irony
1799,white_grievance
1495,stereotypical
5030,threatening
2470,irony
2246,incitement
6183,irony
3010,stereotypical
640,white_grievance
4225,stereotypical
2420,stereotypical
3400,white_grievance
6069,irony
4014,inferiority
2382,stereotypical
122,stereotypical
3081,stereotypical
3727,irony
1285,incitement
2360,stereotypical
484,incitement
2082,stereotypical
2211,incitement
2412,white_grievance
2601,incitement
1230,stereotypical
5556,threatening
834,stereotypical
1641,incitement
745,stereotypical
3514,incitement
4632,inferiority
2976,incitement
2568,white_grievance
48,stereotypical
5494,irony
5802,threatening
242,white_grievance
5360,threatening
5903,inferiority
2775,white_grievance
914,incitement
1403,incitement
3656,white_grievance
3269,inferiority
6020,irony
4296,inferiority
5114,white_grievance
3901,incitement
148,stereotypical
1110,incitement
5721,threatening
1001,other
4963,white_grievance
4625,irony
5523,irony
2006,white_grievance
1486,stereotypical
3176,white_grievance
3428,threatening
826,incitement
337,white_grievance
4873,inferiority
4726,inferiority
4119,incitement
5018,irony
3898,inferiority
4380,irony
1488,incitement
651,incitement
249,stereotypical
1861,stereotypical
1656,stereotypical
6101,irony
1484,stereotypical
5265,threatening
4627,inferiority
4544,inferiority
4761,irony
3837,stereotypical
5925,irony
494,incitement
450,white_grievance
525,stereotypical
266,incitement
5846,irony
3825,stereotypical
5439,threatening
1700,other
314,white_grievance
4757,inferiority
5736,threatening
748,white_grievance
2718,white_grievance
1428,stereotypical
5643,threatening
4863,irony
899,white_grievance
4685,irony
1043,stereotypical
4048,incitement
2662,white_grievance
2904,irony
1915,white_grievance
2591,stereotypical
4476,inferiority
292,white_grievance
3000,stereotypical
3302,stereotypical
1769,incitement
205,white_grievance
2279,white_grievance
4280,inferiority
2354,incitement
5614,threatening
2369,stereotypical
4223,inferiority
2825,incitement
602,white_grievance
4805,irony
2891,white_grievance
5859,irony
4180,irony
5816,irony
4864,inferiority
2057,white_grievance
77,white_grievance
2871,incitement
3062,white_grievance
1084,other
1086,stereotypical
4931,white_grievance
6269,other
1447,white_grievance
3947,incitement
1235,threatening
1059,incitement
3827,white_grievance
4720,irony
4554,inferiority
308,stereotypical
6025,irony
1849,inferiority
2037,white_grievance
4272,threatening
5549,threatening
2588,white_grievance
3764,irony
6202,irony
3643,stereotypical
5345,threatening
5412,incitement
287,stereotypical
3208,white_grievance
5222,threatening
2200,white_grievance
6004,irony
114,stereotypical
6283,inferiority
2609,incitement
188,stereotypical
4001,white_grievance
1091,stereotypical
4943,irony
653,other
6303,stereotypical
4000,white_grievance
155,incitement
5876,irony
3923,white_grievance
669,stereotypical
6297,other
4879,threatening
5785,threatening
1838,inferiority
2029,stereotypical
2695,incitement
4816,irony
4342,inferiority
4047,white_grievance
439,incitement
6170,irony
3388,white_grievance
2175,other
5854,irony
3883,incitement
754,incitement
4412,inferiority
1905,white_grievance
2349,incitement
5110,incitement
6084,inferiority
5717,threatening
882,irony
5200,white_grievance
5280,white_grievance
1383,white_grievance
1371,white_grievance
3408,white_grievance
5981,irony
3238,incitement
4715,irony
4977,irony
4848,threatening
4501,irony
4102,incitement
534,white_grievance
1568,incitement
4201,inferiority
5290,threatening
6001,irony
2780,white_grievance
3387,incitement
1125,white_grievance
2502,stereotypical
1942,white_grievance
2562,incitement
4253,inferiority
2046,incitement
152,stereotypical
2618,incitement
1731,stereotypical
5023,irony
3474,incitement
1555,white_grievance
5113,white_grievance
5949,irony
71,white_grievance
5528,threatening
1730,inferiority
5563,threatening
5848,irony
4043,stereotypical
4503,inferiority
2593,incitement
5150,threatening
5064,threatening
3297,white_grievance
1744,white_grievance
197,white_grievance
2527,white_grievance
3191,white_grievance
3734,incitement
2749,irony
1529,stereotypical
1358,white_grievance
5258,incitement
3099,white_grievance
2491,incitement
3313,white_grievance
4120,white_grievance
126,white_grievance
177,incitement
2621,stereotypical
5628,stereotypical
3492,white_grievance
3379,stereotypical
814,incitement
3660,incitement
2017,white_grievance
5456,threatening
5252,incitement
880,inferiority
1392,stereotypical
2785,incitement
6256,inferiority
4702,other
6221,stereotypical
6093,irony
3555,white_grievance
1972,white_grievance
3330,white_grievance
833,white_grievance
6332,inferiority
2771,incitement
3676,stereotypical
121,white_grievance
903,incitement
6115,irony
4928,inferiority
1823,inferiority
3662,incitement
3549,stereotypical
6250,other
5402,threatening
4074,stereotypical
2915,incitement
3075,incitement
4529,inferiority
1454,white_grievance
4157,inferiority
1105,white_grievance
4417,inferiority
2234,white_grievance
4524,inferiority
4807,irony
5813,inferiority
3138,white_grievance
5602,threatening
4760,irony
1357,stereotypical
4735,threatening
4964,white_grievance
5789,threatening
1305,threatening
434,stereotypical
5573,threatening
997,incitement
3464,white_grievance
1470,white_grievance
3728,incitement
4426,threatening
3833,incitement
18,incitement
3506,incitement
5706,irony
1346,incitement
2798,stereotypical
5322,white_grievance
5997,irony
2547,incitement
2670,white_grievance
3255,white_grievance
2134,incitement
1109,incitement
2054,incitement
5267,stereotypical
4247,inferiority
2365,inferiority
6155,irony
1170,white_grievance
488,stereotypical
2104,stereotypical
959,stereotypical
5671,threatening
647,incitement
520,stereotypical
134,stereotypical
3141,white_grievance
1959,white_grievance
3914,stereotypical
6261,white_grievance
4527,inferiority
2351,stereotypical
4874,irony
5172,threatening
1314,white_grievance
1185,incitement
3074,white_grievance
4813,irony
5221,threatening
3488,incitement
490,stereotypical
901,white_grievance
4809,irony
999,incitement
5580,threatening
5595,irony
496,incitement
1438,incitement
6128,irony
1576,stereotypical
2638,stereotypical
3908,white_grievance
5276,threatening
3080,incitement
5708,threatening
4971,inferiority
3864,incitement
4639,inferiority
5659,threatening
1558,inferiority
4923,white_grievance
588,white_grievance
913,white_grievance
2784,incitement
2617,incitement
1812,inferiority
915,incitement
5271,threatening
5467,inferiority
5872,irony
268,white_grievance
2025,incitement
1718,white_grievance
2917,stereotypical
1899,white_grievance
6223,inferiority
1707,other
4244,inferiority
6207,irony
1618,inferiority
5045,threatening
2935,stereotypical
5225,white_grievance
6156,irony
1526,white_grievance
3724,white_grievance
4907,irony
3267,white_grievance
4387,inferiority
3600,incitement
4109,stereotypical
3322,incitement
5005,irony
3511,incitement
1010,inferiority
87,incitement
1943,stereotypical
3042,stereotypical
238,inferiority
4067,white_grievance
800,stereotypical
291,threatening
4946,irony
3956,white_grievance
4890,irony
3556,incitement
3398,irony
6285,stereotypical
557,white_grievance
4855,inferiority
427,inferiority
4481,inferiority
4754,irony
3034,white_grievance
2159,stereotypical
2358,white_grievance
4146,white_grievance
2103,stereotypical
2079,incitement
463,stereotypical
1100,irony
4376,inferiority
3795,incitement
5263,threatening
3545,stereotypical
3199,white_grievance
1205,stereotypical
3033,stereotypical
1765,white_grievance
5235,incitement
657,stereotypical
1574,inferiority
3672,white_grievance
3119,incitement
5944,irony
4452,inferiority
147,white_grievance
3584,white_grievance
457,irony
2177,incitement
3596,incitement
4582,irony
3457,incitement
3688,inferiority
3123,incitement
1792,white_grievance
4610,irony
4219,inferiority
2581,white_grievance
3066,incitement
4448,inferiority
2304,white_grievance
2818,incitement
2888,white_grievance
3073,stereotypical
2266,stereotypical
6306,inferiority
5466,threatening
572,stereotypical
3339,stereotypical
3638,incitement
4673,inferiority
4815,irony
3336,stereotypical
4857,inferiority
626,incitement
1815,stereotypical
2300,stereotypical
656,other
5288,threatening
4132,white_grievance
563,stereotypical
1006,stereotypical
1482,stereotypical
3631,white_grievance
3343,stereotypical
4997,irony
849,stereotypical
1976,stereotypical
3548,white_grievance
1654,stereotypical
2740,incitement
4785,irony
2715,white_grievance
4870,irony
6145,irony
164,incitement
4028,other
2227,incitement
1102,white_grievance
5928,irony
2243,incitement
3632,stereotypical
1971,white_grievance
4369,inferiority
1889,incitement
3412,inferiority
5707,inferiority
5152,threatening
3655,white_grievance
2237,incitement
510,irony
1565,white_grievance
3285,white_grievance
3528,white_grievance
1463,white_grievance
3416,white_grievance
5844,irony
2659,incitement
1047,white_grievance
863,incitement
1987,white_grievance
2545,irony
5182,incitement
3931,white_grievance
3845,stereotypical
2652,stereotypical
1696,incitement
1770,incitement
1272,white_grievance
5555,threatening
5812,irony
1302,incitement
4983,irony
518,incitement
1695,white_grievance
5210,incitement
2253,incitement
2389,stereotypical
897,stereotypical
6241,irony
3732,incitement
3041,white_grievance
2094,white_grievance
4343,inferiority
4839,irony
3515,white_grievance
4776,irony
1619,threatening
2013,irony
5078,threatening
1150,incitement
479,incitement
3940,white_grievance
5012,irony
1570,white_grievance
2980,white_grievance
2655,incitement
1275,incitement
3365,incitement
4026,white_grievance
2860,irony
1424,incitement
1514,white_grievance
2347,stereotypical
5907,irony
4429,stereotypical
4267,inferiority
5247,threatening
1991,white_grievance
1930,white_grievance
5565,threatening
621,irony
1128,stereotypical
1797,white_grievance
3968,white_grievance
2667,inferiority
4854,threatening
3882,incitement
3963,white_grievance
4795,inferiority
4650,inferiority
4504,threatening
5395,threatening
1336,stereotypical
6317,stereotypical
2120,incitement
3712,white_grievance
1757,incitement
1056,incitement
5762,stereotypical
3271,white_grievance
3743,stereotypical
2999,incitement
2677,inferiority
3525,incitement
5799,threatening
1833,inferiority
1999,white_grievance
2887,stereotypical
4500,inferiority
2001,incitement
1009,incitement
5768,threatening
4038,white_grievance
872,incitement
2439,stereotypical
2366,stereotypical
3308,incitement
5865,irony
5099,threatening
3036,threatening
3709,white_grievance
4827,threatening
2112,white_grievance
4115,stereotypical
4041,incitement
256,inferiority
6002,irony
5951,irony
3215,white_grievance
2665,white_grievance
4438,inferiority
5013,irony
5120,white_grievance
3109,stereotypical
5377,threatening
1798,white_grievance
881,incitement
790,incitement
823,inferiority
2576,incitement
1735,incitement
1310,white_grievance
2407,inferiority
741,incitement
5766,stereotypical
1768,incitement
3640,stereotypical
3789,white_grievance
4920,irony
2964,incitement
4021,incitement
4698,threatening
4841,irony
366,stereotypical
218,white_grievance
2395,stereotypical
5664,threatening
1000,white_grievance
770,incitement
580,inferiority
5583,threatening
3424,incitement
63,white_grievance
4145,white_grievance
961,white_grievance
1705,incitement
124,incitement
4643,inferiority
1848,stereotypical
6325,inferiority
6343,stereotypical
368,white_grievance
3067,incitement
2530,stereotypical
4958,irony
2567,inferiority
2317,stereotypical
1085,white_grievance
2143,stereotypical
1397,white_grievance
3315,incitement
72,incitement
2411,incitement
2533,stereotypical
2443,white_grievance
5015,threatening
1719,white_grievance
1394,white_grievance
5388,threatening
4220,inferiority
328,stereotypical
69,incitement
3184,irony
4242,inferiority
2087,white_grievance
6311,stereotypical
81,white_grievance
5756,threatening
3823,white_grievance
2678,incitement
543,white_grievance
4321,stereotypical
5240,white_grievance
1993,white_grievance
4108,incitement
5754,threatening
951,white_grievance
2451,stereotypical
3250,white_grievance
3980,incitement
1951,white_grievance
3366,stereotypical
3348,stereotypical
140,white_grievance
5430,incitement
2431,incitement
3613,other
2410,stereotypical
6067,irony
2138,irony
1267,incitement
5646,threatening
932,threatening
4796,irony
3329,white_grievance
1462,white_grievance
1113,stereotypical
5378,threatening
1851,inferiority
698,incitement
2350,stereotypical
5375,incitement
4521,inferiority
5060,threatening
3591,irony
1623,white_grievance
5071,white_grievance
2925,incitement
4160,threatening
2125,irony
6168,irony
2066,incitement
6282,stereotypical
4479,inferiority
668,incitement
3505,incitement
5362,threatening
5591,threatening
6175,stereotypical
3501,incitement
3713,white_grievance
4246,inferiority
1266,inferiority
865,white_grievance
773,incitement
5413,incitement
6125,irony
4311,inferiority
2464,incitement
6274,inferiority
4152,incitement
3462,white_grievance
2312,incitement
6114,irony
5631,threatening
5158,threatening
2196,stereotypical
2288,incitement
1911,incitement
2531,white_grievance
4748,threatening
9,white_grievance
5220,incitement
649,white_grievance
1817,incitement
5779,stereotypical
1863,incitement
1839,white_grievance
942,incitement
2418,white_grievance
2490,incitement
3793,white_grievance
393,threatening
1764,stereotypical
3853,white_grievance
5818,inferiority
1791,stereotypical
5096,threatening
555,stereotypical
568,incitement
5367,incitement
3571,inferiority
6200,irony
864,irony
3106,white_grievance
5272,irony
5781,threatening
2573,incitement
4508,inferiority
2650,stereotypical
6032,irony
3069,stereotypical
1777,stereotypical
416,incitement
5061,white_grievance
2619,incitement
4045,white_grievance
1796,stereotypical
1216,stereotypical
5292,incitement
2948,incitement
1277,stereotypical
1058,stereotypical
4665,threatening
5144,threatening
1983,stereotypical
5510,threatening
1391,incitement
2864,incitement
758,stereotypical
225,inferiority
331,inferiority
2226,white_grievance
4075,incitement
502,white_grievance
246,white_grievance
2309,white_grievance
5994,irony
4525,irony
3296,stereotypical
3161,incitement
4713,inferiority
3107,stereotypical
347,inferiority
1028,white_grievance
2329,irony
4738,threatening
2089,white_grievance
364,incitement
1072,stereotypical
426,irony
3459,stereotypical
2525,white_grievance
2478,white_grievance
3139,irony
35,white_grievance
4576,irony
6188,irony
2745,white_grievance
2026,inferiority
5168,inferiority
5632,threatening
848,incitement
2009,white_grievance
1958,threatening
5622,threatening
2820,incitement
1407,stereotypical
2938,incitement
728,white_grievance
3946,inferiority
5883,irony
4122,incitement
767,incitement
1421,white_grievance
4192,inferiority
5194,threatening
592,irony
288,white_grievance
4393,inferiority
5309,threatening
3186,white_grievance
204,white_grievance
1636,stereotypical
5988,irony
3766,white_grievance
5710,threatening
4129,incitement
4306,white_grievance
4488,inferiority
5771,threatening
4283,inferiority
4383,inferiority
5796,threatening
3476,incitement
2255,incitement
2314,stereotypical
2995,incitement
949,white_grievance
4891,irony
2908,stereotypical
3507,incitement
6331,stereotypical
937,stereotypical
3055,inferiority
1960,white_grievance
4144,incitement
3533,stereotypical
2267,incitement
2552,incitement
887,white_grievance
5083,white_grievance
6262,other
62,threatening
4044,stereotypical
1079,stereotypical
4773,threatening
1184,white_grievance
458,irony
1066,incitement
3333,white_grievance
5780,threatening
1158,white_grievance
1303,white_grievance
871,white_grievance
1124,stereotypical
4274,inferiority
5489,threatening
2584,irony
6133,inferiority
233,incitement
3174,incitement
1156,stereotypical
3359,white_grievance
1704,white_grievance
1988,irony
1814,incitement
5079,threatening
570,white_grievance
2085,irony
199,white_grievance
281,stereotypical
1024,white_grievance
4945,irony
1522,white_grievance
6132,irony
3889,inferiority
4653,inferiority
2516,white_grievance
66,incitement
1083,stereotypical
2306,incitement
2257,incitement
5909,irony
4747,inferiority
5648,threatening
4352,inferiority
5554,threatening
5621,threatening
2758,white_grievance
3009,white_grievance
3502,incitement
4844,irony
3828,white_grievance
1226,incitement
5383,threatening
2283,white_grievance
1434,stereotypical
5169,threatening
3237,white_grievance
2847,incitement
3924,incitement
396,stereotypical
6299,inferiority
5509,threatening
3867,white_grievance
4111,incitement
1508,white_grievance
5010,irony
3763,inferiority
2793,incitement
5623,threatening
2996,stereotypical
5507,threatening
4022,white_grievance
1542,inferiority
491,incitement
4361,inferiority
4681,irony
409,white_grievance
2792,incitement
3331,white_grievance
2221,stereotypical
3723,inferiority
2121,incitement
312,stereotypical
4733,threatening
4489,inferiority
2016,white_grievance
6208,irony
3582,threatening
1655,incitement
4046,stereotypical
2010,incitement
724,stereotypical
1261,white_grievance
3005,stereotypical
6275,inferiority
4802,inferiority
4158,incitement
5293,incitement
5399,irony
5792,threatening
2352,white_grievance
5630,threatening
4207,inferiority
720,incitement
5666,threatening
487,incitement
2480,white_grievance
3145,inferiority
5640,threatening
179,inferiority
139,white_grievance
3204,irony
4155,inferiority
1936,stereotypical
6016,irony
6288,stereotypical
1926,white_grievance
3559,incitement
4037,stereotypical
3774,white_grievance
750,incitement
1591,white_grievance
888,incitement
1480,incitement
1199,incitement
846,white_grievance
4101,inferiority
2823,incitement
5385,white_grievance
1776,incitement
3614,white_grievance
1535,white_grievance
765,incitement
5744,threatening
3936,stereotypical
3413,stereotypical
5655,threatening
4400,irony
3690,white_grievance
6102,irony
290,white_grievance
6187,irony
5592,threatening
1786,white_grievance
658,stereotypical
157,white_grievance
2008,incitement
6118,irony
5987,irony
3003,white_grievance
1997,stereotypical
5999,irony
3085,incitement
1808,incitement
60,incitement
1854,stereotypical
3470,stereotypical
3987,white_grievance
3226,stereotypical
4823,irony
1871,stereotypical
1855,stereotypical
5380,white_grievance
2911,incitement
5482,threatening
3648,stereotypical
4263,inferiority
1298,stereotypical
4569,inferiority
676,incitement
4304,inferiority
5718,threatening
1177,white_grievance
3979,incitement
3013,stereotypical
3097,stereotypical
421,inferiority
1681,stereotypical
841,white_grievance
2108,incitement
3862,inferiority
3992,white_grievance
4118,white_grievance
332,white_grievance
26,stereotypical
718,white_grievance
753,stereotypical
2850,incitement
5559,threatening
2783,stereotypical
2643,incitement
4350,inferiority
31,incitement
3127,inferiority
6083,inferiority
2509,stereotypical
5154,threatening
273,stereotypical
1466,irony
4449,irony
2990,other
1296,threatening
5525,threatening
5579,threatening
2928,incitement
1697,stereotypical
809,inferiority
542,incitement
663,incitement
5759,stereotypical
1602,stereotypical
209,white_grievance
3915,white_grievance
5496,threatening
2355,white_grievance
3771,stereotypical
3838,white_grievance
2133,stereotypical
943,irony
3972,white_grievance
223,stereotypical
1846,incitement
2468,stereotypical
5297,threatening
2778,white_grievance
6253,other
1832,white_grievance
279,inferiority
3230,stereotypical
3233,white_grievance
1532,white_grievance
5281,threatening
1191,white_grievance
425,incitement
3050,incitement
5741,threatening
5379,threatening
4711,irony
890,stereotypical
5027,irony
146,white_grievance
3534,inferiority
1204,stereotypical
3275,white_grievance
2725,incitement
2258,incitement
2310,incitement
3887,incitement
3802,white_grievance
6255,inferiority
4706,irony
2790,incitement
5862,irony
5202,threatening
5436,white_grievance
3891,inferiority
5906,irony
3738,incitement
1225,stereotypical
1123,stereotypical
2135,white_grievance
4305,inferiority
5587,threatening
376,incitement
489,incitement
4543,inferiority
4789,threatening
6197,irony
2742,white_grievance
5634,threatening
1219,inferiority
2712,inferiority
1291,incitement
2808,incitement
4199,inferiority
1674,white_grievance
289,incitement
4630,inferiority
1283,stereotypical
3427,stereotypical
1835,white_grievance
4206,inferiority
1119,incitement
3783,stereotypical
5393,threatening
5776,stereotypical
706,white_grievance
5092,white_grievance
2753,white_grievance
189,incitement
1012,stereotypical
4531,inferiority
2607,stereotypical
5476,threatening
5472,threatening
6006,irony
1975,stereotypical
5751,white_grievance
2604,white_grievance
3581,incitement
2634,white_grievance
4433,inferiority
2698,white_grievance
2642,white_grievance
3740,stereotypical
3628,stereotypical
2654,white_grievance
4149,stereotypical
4403,inferiority
1451,irony
6298,stereotypical
743,white_grievance
3381,stereotypical
3144,stereotypical
4670,inferiority
1931,stereotypical
4734,incitement
2869,white_grievance
2558,incitement
986,stereotypical
527,white_grievance
3364,inferiority
3007,stereotypical
4580,inferiority
5901,irony
4770,irony
2154,incitement
4586,inferiority
1221,stereotypical
1107,irony
1893,white_grievance
4718,inferiority
2570,incitement
2118,white_grievance
4095,incitement
904,stereotypical
1643,incitement
4006,white_grievance
1671,incitement
3035,white_grievance
5111,threatening
412,incitement
4492,inferiority
501,incitement
4228,inferiority
2730,incitement
5188,irony
2671,stereotypical
4611,inferiority
215,incitement
4765,inferiority
910,white_grievance
2004,white_grievance
355,white_grievance
2970,incitement
2061,white_grievance
3527,stereotypical
5782,threatening
617,incitement
989,inferiority
38,incitement
2899,white_grievance
203,inferiority
4384,threatening
5817,irony
6174,stereotypical
1794,incitement
198,white_grievance
3683,white_grievance
2861,stereotypical
2152,incitement
4141,white_grievance
2036,white_grievance
1845,inferiority
2328,incitement
6167,irony
5419,irony
1176,white_grievance
6273,stereotypical
1147,white_grievance
5827,irony
4215,inferiority
3190,white_grievance
1354,stereotypical
4849,irony
3753,white_grievance
3589,white_grievance
4699,irony
6070,irony
3091,white_grievance
1515,white_grievance
1258,incitement
5296,threatening
1262,stereotypical
4858,threatening
2069,white_grievance
3128,stereotypical
322,incitement
4396,inferiority
4939,irony
5641,inferiority
5923,irony
2378,incitement
4535,inferiority
5291,white_grievance
576,white_grievance
5831,irony
3113,stereotypical
5681,threatening
1115,incitement
2507,incitement
5189,threatening
222,white_grievance
1617,white_grievance
1950,white_grievance
3573,white_grievance
1453,incitement
5329,incitement
3767,white_grievance
3473,white_grievance
4866,irony
3955,white_grievance
1330,white_grievance
2772,white_grievance
918,incitement
277,white_grievance
6185,irony
1042,white_grievance
4388,inferiority
2721,white_grievance
2144,white_grievance
1589,stereotypical
4081,incitement
5722,inferiority
6270,other
302,white_grievance
1145,white_grievance
5315,threatening
3733,inferiority
3105,incitement
4303,inferiority
4367,inferiority
4389,inferiority
5783,stereotypical
4584,irony
1149,white_grievance
1419,white_grievance
2821,incitement
5131,threatening
3975,incitement
6248,inferiority
2681,white_grievance
4,stereotypical
935,white_grievance
274,inferiority
2388,incitement
3265,white_grievance
1775,inferiority
1963,white_grievance
1614,white_grievance
1579,white_grievance
4896,threatening
423,stereotypical
4130,white_grievance
4410,inferiority
5606,irony
1344,stereotypical
5331,threatening
5024,irony
2313,stereotypical
3325,incitement
2951,stereotypical
5702,threatening
4300,inferiority
3307,stereotypical
1362,incitement
2504,incitement
3089,stereotypical
2656,threatening
6108,irony
922,white_grievance
1347,inferiority
2303,stereotypical
3094,white_grievance
3175,incitement
2114,incitement
3430,stereotypical
1050,white_grievance
3512,stereotypical
55,white_grievance
3475,incitement
2914,incitement
4821,irony
6263,other
5826,irony
2965,white_grievance
1533,white_grievance
342,incitement
3996,incitement
2994,stereotypical
4198,inferiority
3216,inferiority
100,white_grievance
6062,irony
794,white_grievance
3385,white_grievance
2669,stereotypical
4121,stereotypical
3101,stereotypical
3065,threatening
3370,incitement
3235,white_grievance
1208,incitement
5119,threatening
2624,white_grievance
1598,incitement
938,incitement
5142,threatening
3642,white_grievance
721,white_grievance
1367,irony
4094,incitement
4510,other
5313,incitement
23,irony
5444,threatening
2897,incitement
1153,white_grievance
1567,white_grievance
1661,incitement
3799,white_grievance
5408,threatening
329,white_grievance
3757,white_grievance
1201,stereotypical
5929,irony
6076,irony
2284,incitement
6212,inferiority
3925,white_grievance
2065,white_grievance
4753,irony
2575,incitement
2392,incitement
2442,incitement
5471,threatening
1114,white_grievance
1041,incitement
5250,white_grievance
3717,white_grievance
5069,threatening
4440,stereotypical
5979,irony
5714,threatening
3665,incitement
3565,stereotypical
3879,white_grievance
5548,threatening
1051,white_grievance
931,inferiority
3670,white_grievance
3847,inferiority
6094,irony
3328,white_grievance
4511,inferiority
1737,inferiority
10,white_grievance
4606,inferiority
5067,threatening
1046,white_grievance
4758,inferiority
4284,irony
2679,white_grievance
4425,inferiority
1677,stereotypical
1644,incitement
1773,other
5569,inferiority
775,incitement
4405,inferiority
2841,incitement
180,white_grievance
4252,inferiority
1062,stereotypical
1057,incitement
228,incitement
5596,irony
1182,white_grievance
2910,incitement
477,incitement
6091,inferiority
384,stereotypical
4675,inferiority
996,white_grievance
1970,white_grievance
836,inferiority
1169,stereotypical
1060,white_grievance
714,stereotypical
3098,stereotypical
4628,inferiority
2807,incitement
1218,white_grievance
3456,stereotypical
4572,inferiority
5279,threatening
3321,stereotypical
2217,incitement
4860,irony
4725,irony
5809,irony
1152,incitement
1753,stereotypical
2724,white_grievance
1437,stereotypical
4310,irony
1725,white_grievance
4850,threatening
6312,irony
1767,incitement
5505,threatening
5432,incitement
3135,white_grievance
2447,irony
4662,inferiority
3177,incitement
5156,threatening
1061,white_grievance
4910,white_grievance
4883,irony
5519,threatening
3715,other
1490,white_grievance
1457,irony
964,stereotypical
1435,incitement
4764,inferiority
876,white_grievance
4537,inferiority
988,stereotypical
6037,irony
170,white_grievance
2962,incitement
2499,inferiority
3282,white_grievance
1552,incitement
2342,white_grievance
1263,white_grievance
544,stereotypical
4195,inferiority
583,incitement
4082,incitement
3214,incitement
2280,white_grievance
6321,inferiority
2496,white_grievance
5326,incitement
6329,threatening
5633,inferiority
3554,incitement
2693,white_grievance
1352,white_grievance
3391,incitement
3147,white_grievance
1473,white_grievance
4601,inferiority
2598,stereotypical
2556,irony
1063,stereotypical
2737,incitement
5593,threatening
182,white_grievance
117,stereotypical
2209,incitement
3657,stereotypical
681,white_grievance
2878,stereotypical
1382,white_grievance
4683,irony
211,stereotypical
1404,incitement
5441,threatening
808,incitement
2554,white_grievance
2242,stereotypical
2244,incitement
4427,inferiority
6139,irony
3695,white_grievance
5973,irony
5644,irony
4133,other
1360,white_grievance
831,white_grievance
7,white_grievance
3798,incitement
5190,white_grievance
5425,incitement
6088,inferiority
2308,white_grievance
3822,incitement
3156,incitement
4226,inferiority
6161,irony
375,incitement
4091,incitement
4526,inferiority
522,white_grievance
2207,white_grievance
3519,incitement
2316,white_grievance
5526,threatening
5547,threatening
1666,white_grievance
1242,stereotypical
5334,incitement
1031,white_grievance
4862,irony
276,white_grievance
4382,inferiority
664,white_grievance
3326,white_grievance
6280,stereotypical
4998,irony
643,threatening
5823,irony
771,inferiority
652,stereotypical
5349,incitement
395,incitement
6040,irony
1637,white_grievance
32,stereotypical
1968,white_grievance
4353,inferiority
2182,white_grievance
4174,stereotypical
1455,incitement
2549,incitement
6068,irony
4089,stereotypical
784,stereotypical
1668,stereotypical
4372,inferiority
515,incitement
2327,stereotypical
2333,stereotypical
3038,white_grievance
5411,incitement
3300,white_grievance
3251,inferiority
2796,incitement
1034,white_grievance
5183,threatening
259,white_grievance
5485,threatening
3737,incitement
5658,threatening
4329,inferiority
431,stereotypical
321,white_grievance
1333,stereotypical
5953,irony
4712,stereotypical
2973,incitement
5745,threatening
3154,incitement
1070,white_grievance
2128,stereotypical
1811,irony
5219,threatening
5683,threatening
4899,inferiority
2703,inferiority
866,white_grievance
2205,stereotypical
509,stereotypical
4237,inferiority
2592,white_grievance
2315,inferiority
4386,inferiority
4682,irony
1597,incitement
4093,stereotypical
3383,incitement
1081,inferiority
2565,stereotypical
1577,incitement
5918,irony
1494,white_grievance
2728,white_grievance
2836,stereotypical
5255,threatening
2537,white_grievance
2408,stereotypical
5804,irony
6159,inferiority
4151,incitement
3588,stereotypical
2032,stereotypical
3560,white_grievance
248,incitement
4394,inferiority
760,stereotypical
2782,incitement
2113,incitement
4190,incitement
699,white_grievance
493,inferiority
235,stereotypical
1249,incitement
2674,incitement
4865,inferiority
4633,inferiority
5937,irony
3102,white_grievance
2639,white_grievance
4186,inferiority
3092,incitement
3532,white_grievance
4559,inferiority
654,incitement
3471,incitement
446,stereotypical
3280,white_grievance
4327,inferiority
3393,white_grievance
1965,white_grievance
299,stereotypical
2684,stereotypical
2764,stereotypical
53,stereotypical
6181,threatening
6126,irony
2919,other
956,stereotypical
2051,stereotypical
414,incitement
5403,threatening
3312,white_grievance
5604,inferiority
1981,incitement
5387,threatening
1738,stereotypical
6154,irony
5224,threatening
5226,threatening
3929,white_grievance
2485,inferiority
3001,stereotypical
5567,threatening
4538,inferiority
822,incitement
389,white_grievance
1096,stereotypical
5914,irony
4164,irony
4017,incitement
1193,stereotypical
2612,white_grievance
5534,threatening
230,white_grievance
3593,white_grievance
5531,threatening
1506,white_grievance
4040,stereotypical
3894,white_grievance
383,white_grievance
3639,incitement
3991,white_grievance
2865,incitement
267,incitement
413,incitement
1925,white_grievance
2896,threatening
5770,stereotypical
2916,incitement
3762,incitement
4173,inferiority
5500,threatening
703,incitement
5742,threatening
2675,incitement
2173,incitement
334,stereotypical
1754,white_grievance
1370,incitement
5175,threatening
1160,incitement
6281,stereotypical
3770,stereotypical
5822,irony
3454,incitement
946,stereotypical
4880,irony
1464,white_grievance
735,stereotypical
1353,white_grievance
3985,white_grievance
4278,inferiority
4830,threatening
4769,irony
1481,incitement
4165,inferiority
4281,inferiority
2529,incitement
985,inferiority
5136,white_grievance
2063,white_grievance
3958,white_grievance
2898,white_grievance
3677,incitement
2727,white_grievance
1803,stereotypical
1772,incitement
4956,threatening
3935,stereotypical
5913,irony
4214,white_grievance
4974,irony
3489,stereotypical
2168,incitement
3626,white_grievance
2631,white_grievance
6057,irony
4002,white_grievance
4751,threatening
1067,white_grievance
5429,irony
4994,irony
340,stereotypical
941,white_grievance
3618,incitement
3746,incitement
5839,irony
4577,irony
5157,threatening
738,stereotypical
4029,stereotypical
4309,threatening
1896,incitement
5885,irony
3756,white_grievance
5832,inferiority
499,inferiority
6205,irony
704,incitement
4973,irony
5493,threatening
3362,white_grievance
2834,incitement
1223,incitement
5179,white_grievance
4051,white_grievance
5389,threatening
892,white_grievance
3873,white_grievance
2969,incitement
4126,stereotypical
974,white_grievance
1198,incitement
207,white_grievance
5924,irony
2777,white_grievance
2668,stereotypical
2472,stereotypical
219,stereotypical
94,white_grievance
1573,white_grievance
883,white_grievance
1179,incitement
627,white_grievance
4451,inferiority
2302,incitement
3834,incitement
5289,incitement
2905,stereotypical
1622,irony
927,white_grievance
1892,incitement
1493,incitement
4181,incitement
3057,white_grievance
4766,irony
5134,threatening
5898,irony
694,inferiority
251,incitement
2286,stereotypical
2672,stereotypical
6135,irony
6078,inferiority
5228,white_grievance
862,stereotypical
5506,threatening
4687,irony
4539,inferiority
5022,irony
3680,white_grievance
1804,stereotypical
6000,irony
2600,incitement
3049,incitement
5319,white_grievance
319,incitement
294,white_grievance
234,stereotypical
2030,white_grievance
4134,incitement
1460,stereotypical
4743,inferiority
3079,incitement
2348,white_grievance
3411,white_grievance
3076,stereotypical
3181,white_grievance
1297,stereotypical
1093,other
1810,stereotypical
3841,white_grievance
2986,white_grievance
4282,inferiority
4003,incitement
1476,irony
5376,threatening
835,stereotypical
5618,threatening
1018,stereotypical
4218,inferiority
2157,inferiority
5233,inferiority
5502,threatening
44,white_grievance
6045,irony
2098,white_grievance
2694,white_grievance
2415,stereotypical
4025,stereotypical
2720,white_grievance
2953,inferiority
5545,threatening
6315,irony
4468,inferiority
683,white_grievance
962,irony
1694,white_grievance
4591,inferiority
6014,irony
2978,incitement
524,incitement
2403,white_grievance
1826,incitement
2332,stereotypical
4395,threatening
2747,white_grievance
178,incitement
346,incitement
807,incitement
3531,incitement
5391,threatening
1544,white_grievance
3564,incitement
3153,inferiority
3165,white_grievance
166,white_grievance
5566,threatening
3244,white_grievance
5611,threatening
3218,incitement
4599,inferiority
3937,white_grievance
3820,white_grievance
979,stereotypical
4060,stereotypical
3207,stereotypical
6220,stereotypical
2049,white_grievance
19,incitement
1168,incitement
2517,white_grievance
1365,incitement
6150,irony
5325,incitement
5805,irony
5487,threatening
4359,inferiority
5321,incitement
1032,incitement
3211,white_grievance
2141,inferiority
4999,inferiority
5278,threatening
4112,incitement
5761,threatening
3610,stereotypical
2895,incitement
3792,incitement
193,irony
2454,stereotypical
4513,irony
2361,white_grievance
4140,incitement
3611,incitement
3320,stereotypical
1474,white_grievance
4381,inferiority
4415,inferiority
3021,stereotypical
138,white_grievance
5819,inferiority
2952,incitement
4902,irony
4053,incitement
5317,threatening
1723,stereotypical
6344,inferiority
4737,threatening
839,white_grievance
3390,incitement
6086,inferiority
1127,white_grievance
4744,threatening
361,white_grievance
4347,inferiority
1120,stereotypical
619,incitement
3258,incitement
3466,stereotypical
4739,inferiority
994,stereotypical
6124,irony
4897,irony
5026,irony
1425,white_grievance
4984,inferiority
3301,stereotypical
5433,incitement
5151,threatening
2627,incitement
380,white_grievance
5449,threatening
5853,irony
4286,inferiority
1973,inferiority
815,inferiority
4901,white_grievance
1077,white_grievance
6192,irony
5858,inferiority
1315,white_grievance
4545,inferiority
482,white_grievance
3405,stereotypical
50,stereotypical
579,stereotypical
696,inferiority
921,incitement
374,incitement
4941,white_grievance
1215,stereotypical
2560,stereotypical
4676,inferiority
6147,irony
1645,stereotypical
615,white_grievance
4436,inferiority
2752,inferiority
1103,stereotypical
370,white_grievance
1853,white_grievance
1721,incitement
5324,incitement
5007,irony
5797,incitement
3541,incitement
3886,incitement
1376,white_grievance
2240,white_grievance
690,incitement
3183,white_grievance
4869,irony
6112,irony
4472,irony
3814,white_grievance
4581,inferiority
3225,incitement
5208,incitement
2197,incitement
1166,threatening
1822,white_grievance
373,incitement
2106,stereotypical
3818,irony
840,irony
3347,incitement
2610,inferiority
1287,incitement
5166,threatening
2430,stereotypical
5870,inferiority
715,stereotypical
3324,white_grievance
850,white_grievance
5066,threatening
1335,white_grievance
713,white_grievance
2521,stereotypical
2682,white_grievance
5532,threatening
6041,irony
5752,stereotypical
2579,stereotypical
3206,white_grievance
1008,white_grievance
4546,inferiority
5484,threatening
3410,white_grievance
3824,white_grievance
5608,irony
6271,incitement
5977,irony
354,white_grievance
825,inferiority
3597,incitement
2734,white_grievance
3609,inferiority
2390,incitement
1979,white_grievance
859,incitement
5755,stereotypical
43,incitement
6324,inferiority
5910,inferiority
507,threatening
1052,white_grievance
2080,incitement
4568,threatening
455,white_grievance
2291,threatening
1172,incitement
216,irony
1653,stereotypical
3701,incitement
547,white_grievance
5072,threatening
1921,stereotypical
660,white_grievance
2417,white_grievance
2768,white_grievance
6232,stereotypical
2699,stereotypical
4385,inferiority
3083,threatening
5199,threatening
3478,white_grievance
4110,white_grievance
2801,incitement
4302,irony
513,irony
1097,incitement
116,stereotypical
4788,irony
362,incitement
3143,incitement
5585,threatening
4578,inferiority
5980,irony
4076,inferiority
1813,white_grievance
1241,white_grievance
6087,inferiority
3232,white_grievance
1865,incitement
622,inferiority
3248,white_grievance
6043,irony
5350,incitement
5652,threatening
1646,inferiority
351,white_grievance
2800,stereotypical
3133,white_grievance
5732,threatening
4690,inferiority
1687,stereotypical
3299,incitement
5731,threatening
28,incitement
952,stereotypical
1685,incitement
1295,incitement
1441,white_grievance
3335,stereotypical
2162,stereotypical
766,white_grievance
6254,stereotypical
4518,inferiority
1212,white_grievance
4423,inferiority
4940,inferiority
158,white_grievance
293,white_grievance
3403,white_grievance
2894,incitement
2856,stereotypical
5314,white_grievance
2178,white_grievance
1420,white_grievance
6251,stereotypical
1313,white_grievance
4868,threatening
3603,incitement
4461,inferiority
1228,stereotypical
1907,stereotypical
5126,threatening
737,incitement
4583,irony
1468,stereotypical
566,irony
5829,irony
5115,white_grievance
6300,inferiority
2146,stereotypical
3567,white_grievance
2802,white_grievance
3396,inferiority
51,white_grievance
2261,stereotypical
1784,white_grievance
5299,inferiority
175,white_grievance
1450,other
2663,incitement
1600,stereotypical
2334,incitement
674,white_grievance
6245,other
4740,irony
2105,stereotypical
1762,white_grievance
5055,inferiority
5791,threatening
3180,incitement
1049,incitement
224,incitement
590,stereotypical
1194,stereotypical
3425,stereotypical
61,stereotypical
3902,stereotypical
3974,white_grievance
3173,white_grievance
4153,inferiority
5303,stereotypical
1639,incitement
4818,irony
1902,incitement
1824,white_grievance
1162,stereotypical
3340,white_grievance
110,incitement
4975,irony
4268,inferiority
310,white_grievance
5964,irony
411,white_grievance
5488,threatening
6328,threatening
5650,threatening
3395,white_grievance
2438,stereotypical
1413,white_grievance
4292,inferiority
4992,incitement
5765,threatening
3517,white_grievance
4336,inferiority
2188,inferiority
5095,threatening
819,incitement
2748,white_grievance
1728,irony
5253,irony
5863,inferiority
3256,white_grievance
5214,threatening
1423,white_grievance
1856,white_grievance
1443,stereotypical
6219,stereotypical
5463,threatening
900,incitement
5589,threatening
3651,incitement
746,white_grievance
5442,threatening
4288,inferiority
3747,incitement
5737,stereotypical
1456,incitement
5922,irony
1712,stereotypical
2934,stereotypical
6090,inferiority
4413,inferiority
739,incitement
3796,white_grievance
1829,inferiority
2701,white_grievance
5323,incitement
1251,incitement
6231,other
2666,incitement
2540,white_grievance
854,incitement
4736,inferiority
637,white_grievance
1837,incitement
4430,inferiority
3019,white_grievance
5806,threatening
4069,stereotypical
5445,threatening
546,irony
2084,stereotypical
3477,stereotypical
3897,stereotypical
6309,stereotypical
1211,threatening
5629,threatening
4629,inferiority
6038,inferiority
3860,stereotypical
2384,incitement
4030,stereotypical
149,stereotypical
5497,irony
3526,stereotypical
2190,irony
4098,incitement
873,incitement
731,inferiority
1841,white_grievance
4935,stereotypical
5996,irony
4264,inferiority
1986,white_grievance
1713,incitement
879,incitement
5193,threatening
3108,stereotypical
3178,white_grievance
2117,stereotypical
4172,inferiority
4831,irony
3716,incitement
5090,white_grievance
352,white_grievance
5511,threatening
1640,inferiority
1372,white_grievance
4960,irony
3288,white_grievance
612,stereotypical
3983,incitement
630,stereotypical
1793,white_grievance
4937,white_grievance
5356,threatening
2301,white_grievance
3562,white_grievance
5052,threatening
4635,threatening
381,threatening
6098,irony
4364,inferiority
349,incitement
89,inferiority
1418,white_grievance
4308,inferiority
5957,irony
1213,stereotypical
2770,incitement
1186,stereotypical
2401,incitement
495,incitement
5693,threatening
2828,white_grievance
4993,irony
1504,white_grievance
1665,stereotypical
5301,incitement
4762,inferiority
3497,inferiority
1342,white_grievance
4932,threatening
5084,threatening
2097,stereotypical
1927,white_grievance
1895,incitement
3063,stereotypical
3698,white_grievance
3784,incitement
5371,threatening
3061,irony
1055,incitement
5365,threatening
5373,threatening
2723,white_grievance
303,white_grievance
3465,incitement
860,white_grievance
503,incitement
4717,irony
3536,stereotypical
2912,stereotypical
4354,inferiority
4728,irony
369,white_grievance
4335,inferiority
6053,irony
1990,incitement
1787,white_grievance
1708,stereotypical
5248,incitement
2700,white_grievance
5455,threatening
3957,incitement
6284,other
614,incitement
3994,white_grievance
5896,irony
3096,incitement
2885,white_grievance
174,incitement
4328,inferiority
970,incitement
1026,incitement
6222,stereotypical
5414,threatening
4660,irony
1007,incitement
2473,incitement
1209,irony
3510,white_grievance
5943,irony
194,white_grievance
2859,incitement
2399,stereotypical
1751,other
150,incitement
2947,white_grievance
3193,incitement
3460,stereotypical
2555,stereotypical
1743,stereotypical
5177,threatening
2047,white_grievance
3291,incitement
4131,inferiority
187,stereotypical
2170,stereotypical
5404,incitement
4680,irony
4322,inferiority
3018,inferiority
828,white_grievance
1828,inferiority
4936,white_grievance
2272,stereotypical
113,white_grievance
5518,threatening
2444,irony
5180,white_grievance
6268,stereotypical
5021,irony
936,stereotypical
685,stereotypical
3294,irony
4031,incitement
2090,incitement
2608,stereotypical
4618,inferiority
526,white_grievance
6335,irony
3440,white_grievance
4986,irony
3015,white_grievance
4640,inferiority
305,white_grievance
3017,stereotypical
3893,white_grievance
3583,other
761,stereotypical
3692,white_grievance
6029,irony
6294,incitement
6194,irony
4269,inferiority
1521,stereotypical
492,stereotypical
955,white_grievance
4933,inferiority
280,incitement
2137,white_grievance
5610,threatening
3633,white_grievance
6143,irony
5006,inferiority
2429,stereotypical
4616,inferiority
1517,white_grievance
5122,threatening
1082,white_grievance
5446,threatening
1625,other
1877,incitement
5861,irony
1642,stereotypical
3667,white_grievance
2534,white_grievance
1286,white_grievance
6337,irony
5422,threatening
1883,white_grievance
5738,threatening
6107,irony
719,white_grievance
3785,stereotypical
6121,irony
168,white_grievance
452,incitement
1396,white_grievance
3730,white_grievance
5470,threatening
4019,incitement
3585,incitement
2985,white_grievance
2779,white_grievance
2492,stereotypical
5836,irony
5298,white_grievance
4926,incitement
925,white_grievance
6056,irony
2536,white_grievance
2132,white_grievance
1075,incitement
2688,white_grievance
3612,incitement
5123,threatening
2848,white_grievance
1844,white_grievance
1323,incitement
4835,irony
564,stereotypical
3095,stereotypical
6296,inferiority
3054,stereotypical
5438,white_grievance
875,irony
4363,inferiority
5678,stereotypical
5328,incitement
722,white_grievance
2018,white_grievance
1657,incitement
5837,irony
1276,stereotypical
774,irony
5878,irony
2180,stereotypical
5462,threatening
4485,inferiority
4473,inferiority
2241,incitement
2345,irony
6034,irony
5153,threatening
6059,irony
1940,white_grievance
1087,stereotypical
1945,stereotypical
4620,inferiority
4494,inferiority
5088,threatening
5932,irony
1444,inferiority
577,incitement
5692,threatening
729,stereotypical
1491,white_grievance
2250,inferiority
2788,white_grievance
3317,incitement
3150,white_grievance
4838,threatening
567,stereotypical
6117,irony
5577,threatening
5086,irony
1886,white_grievance
2172,stereotypical
6075,irony
2513,irony
1917,white_grievance
2233,incitement
2183,stereotypical
5287,incitement
5946,irony
4767,inferiority
2676,stereotypical
2997,inferiority
2024,incitement
976,stereotypical
4819,inferiority
226,white_grievance
265,stereotypical
46,inferiority
4536,inferiority
4020,stereotypical
6003,inferiority
3616,white_grievance
6310,stereotypical
545,inferiority
5241,threatening
4480,inferiority
3547,incitement
3812,white_grievance
4148,white_grievance
1349,stereotypical
541,stereotypical
4297,inferiority
4013,white_grievance
4293,inferiority
3137,white_grievance
3857,white_grievance
2660,inferiority
4470,inferiority
1543,white_grievance
2222,white_grievance
3831,incitement
1684,stereotypical
5187,threatening
4602,inferiority
6030,irony
824,stereotypical
5434,incitement
1626,stereotypical
4871,irony
6342,irony
5917,inferiority
3327,white_grievance
898,incitement
5498,threatening
3872,inferiority
3371,white_grievance
4624,inferiority
4755,irony
3944,white_grievance
2460,stereotypical
641,stereotypical
3023,stereotypical
4520,inferiority
5795,threatening
1040,incitement
514,irony
2148,white_grievance
2074,white_grievance
1675,white_grievance
6138,irony
363,stereotypical
1073,stereotypical
107,other
4548,inferiority
817,inferiority
1497,incitement
4970,irony
2224,incitement
6326,inferiority
3741,incitement
3262,white_grievance
333,incitement
1519,incitement
3048,incitement
6039,irony
315,white_grievance
127,incitement
2449,white_grievance
58,threatening
1405,incitement
1537,white_grievance
3776,white_grievance
3623,incitement
4345,inferiority
3832,incitement
1569,white_grievance
1660,incitement
6073,irony
6246,stereotypical
433,stereotypical
201,white_grievance
4422,inferiority
3731,incitement
85,white_grievance
4377,inferiority
4948,stereotypical
5420,incitement
1164,stereotypical
3231,stereotypical
1545,inferiority
4878,irony
5286,threatening
377,incitement
3491,white_grievance
4493,inferiority
1171,incitement
3772,incitement
5688,threatening
6209,irony
2696,irony
2421,white_grievance
98,inferiority
5031,irony
1908,white_grievance
3452,stereotypical
6066,irony
5899,irony
5105,threatening
1284,white_grievance
4826,irony
1384,inferiority
1759,incitement
6308,stereotypical
700,white_grievance
5401,incitement
5295,threatening
278,incitement
2763,white_grievance
3114,stereotypical
4018,white_grievance
5009,inferiority
5998,irony
4482,inferiority
3249,stereotypical
1714,incitement
2690,white_grievance
468,threatening
1366,stereotypical
2050,white_grievance
2022,stereotypical
4708,irony
88,incitement
2325,threatening
5132,threatening
861,white_grievance
1820,stereotypical
5760,stereotypical
3192,white_grievance
4202,inferiority
3188,inferiority
1858,stereotypical
6191,irony
2586,stereotypical
4800,irony
638,incitement
3419,incitement
5209,inferiority
5843,irony
4090,incitement
3259,stereotypical
895,white_grievance
4443,inferiority
1946,white_grievance
1279,incitement
4391,inferiority
418,incitement
306,irony
390,stereotypical
3116,stereotypical
4307,inferiority
3185,stereotypical
5125,threatening
4609,inferiority
584,other
5211,threatening
1629,white_grievance
4571,inferiority
1536,stereotypical
2019,white_grievance
6218,stereotypical
2883,white_grievance
1386,white_grievance
5660,threatening
3384,white_grievance
4540,inferiority
3160,white_grievance
270,incitement
6203,irony
4806,irony
5584,threatening
4812,irony
34,threatening
1918,incitement
3801,stereotypical
600,white_grievance
1635,white_grievance
5410,incitement
680,white_grievance
2981,incitement
930,stereotypical
5227,threatening
4070,stereotypical
5195,threatening
3357,white_grievance
4727,irony
2767,white_grievance
5469,threatening
1836,incitement
4275,threatening
3026,stereotypical
2368,incitement
4731,irony
1229,white_grievance
1319,stereotypical
3800,stereotypical
4779,irony
1369,stereotypical
1785,white_grievance
6272,stereotypical
2171,incitement
2285,white_grievance
3078,incitement
3274,irony
6247,white_grievance
6109,threatening
1680,stereotypical
5127,threatening
2311,incitement
4934,irony
593,white_grievance
447,stereotypical
5983,irony
5931,irony
1136,white_grievance
6214,inferiority
41,incitement
5562,threatening
2455,stereotypical
2628,white_grievance
4846,threatening
5025,irony
3878,white_grievance
1869,stereotypical
5415,threatening
5668,threatening
4238,inferiority
787,white_grievance
2605,white_grievance
2331,inferiority
852,stereotypical
5282,threatening
16,incitement
6186,irony
67,incitement
3451,inferiority
1013,stereotypical
408,stereotypical
4775,irony
4068,white_grievance
4491,inferiority
5002,white_grievance
1431,white_grievance
4552,inferiority
5186,threatening
2330,stereotypical
5443,threatening
732,irony
4411,inferiority
4136,white_grievance
2462,stereotypical
5173,white_grievance
20,stereotypical
802,white_grievance
2765,incitement
3345,irony
4204,inferiority
1939,incitement
2475,white_grievance
5687,threatening
4745,irony
3162,other
1710,stereotypical
3132,stereotypical
1243,white_grievance
1587,stereotypical
4966,threatening
2741,white_grievance
2111,incitement
3755,threatening
1903,stereotypical
4049,incitement
3691,stereotypical
1022,stereotypical
5249,incitement
485,incitement
2088,stereotypical
4088,stereotypical
6011,irony
5217,incitement
191,white_grievance
405,stereotypical
1747,white_grievance
4990,inferiority
2225,incitement
5394,threatening
5085,threatening
992,white_grievance
6210,irony
4183,inferiority
4817,irony
3409,white_grievance
3415,white_grievance
804,white_grievance
2296,stereotypical
5145,threatening
367,stereotypical
6050,irony
2806,incitement
4621,inferiority
2290,white_grievance
3,stereotypical
3392,incitement
2524,white_grievance
4338,inferiority
1801,incitement
789,incitement
1409,irony
4230,inferiority
5772,stereotypical
1609,incitement
1616,stereotypical
500,incitement
2849,incitement
5254,incitement
3353,inferiority
3641,incitement
1134,white_grievance
4845,irony
5940,irony
4847,irony
1131,stereotypical
3851,white_grievance
3422,stereotypical
2278,stereotypical
1282,threatening
1977,white_grievance
4062,stereotypical
867,incitement
2023,white_grievance
4213,inferiority
6172,irony
5881,inferiority
1727,incitement
241,white_grievance
6169,stereotypical
6318,inferiority
1913,stereotypical
1647,incitement
5601,threatening
2005,incitement
5426,threatening
894,white_grievance
5654,threatening
5723,threatening
404,white_grievance
3718,incitement
5873,irony
1496,white_grievance
3803,white_grievance
4911,irony
5359,threatening
5238,threatening
5581,irony
2892,stereotypical
2477,white_grievance
2150,inferiority
3830,incitement
1412,white_grievance
3930,stereotypical
916,incitement
3164,white_grievance
2167,white_grievance
2717,incitement
5162,threatening
2194,incitement
5139,white_grievance
1245,incitement
869,white_grievance
708,white_grievance
6198,irony
284,white_grievance
4550,inferiority
466,incitement
135,stereotypical
2110,stereotypical
3920,stereotypical
52,irony
5705,threatening
3606,incitement
756,incitement
5118,threatening
752,stereotypical
5244,inferiority
998,incitement
620,white_grievance
5261,threatening
5588,threatening
3432,other
5533,threatening
3754,incitement
6164,irony
3576,incitement
99,white_grievance
2968,incitement
987,white_grievance
1964,white_grievance
5351,incitement
5102,threatening
957,white_grievance
4211,inferiority
462,white_grievance
327,stereotypical
1030,white_grievance
4416,threatening
6028,irony
885,incitement
3625,white_grievance
5948,irony
229,incitement
6340,irony
532,white_grievance
5491,threatening
769,stereotypical
264,white_grievance
3239,incitement
2739,white_grievance
2508,stereotypical
6206,irony
4469,inferiority
132,irony
4166,inferiority
2307,white_grievance
1969,irony
2,white_grievance
4495,inferiority
923,stereotypical
757,stereotypical
3895,incitement
5059,threatening
91,stereotypical
3246,white_grievance
5198,stereotypical
3437,white_grievance
5808,irony
2007,incitement
6305,white_grievance
386,stereotypical
2463,incitement
5627,threatening
2646,white_grievance
6085,inferiority
4803,irony
3152,white_grievance
4291,inferiority
4533,inferiority
5891,irony
1140,other
4409,irony
5372,threatening
2520,inferiority
6024,irony
1014,stereotypical
76,stereotypical
4289,inferiority
2210,other
4614,inferiority
3615,stereotypical
707,white_grievance
2413,stereotypical
3779,white_grievance
2176,white_grievance
6081,inferiority
5787,threatening
1816,stereotypical
269,white_grievance
4113,incitement
3195,incitement
2155,incitement
6196,irony
5283,incitement
1549,white_grievance
2495,white_grievance
1906,incitement
3869,stereotypical
4642,inferiority
2465,white_grievance
3179,white_grievance
2116,stereotypical
3254,incitement
1874,white_grievance
3142,white_grievance
5269,white_grievance
1048,white_grievance
2340,stereotypical
4833,irony
3352,white_grievance
106,other
2163,incitement
565,incitement
5803,inferiority
1760,stereotypical
2219,white_grievance
5570,threatening
3658,stereotypical
1620,irony
6224,inferiority
3332,white_grievance
2977,incitement
119,stereotypical
3624,stereotypical
2335,white_grievance
3909,incitement
796,incitement
1606,stereotypical
3921,incitement
5,white_grievance
2590,white_grievance
1173,white_grievance
1711,incitement
2635,white_grievance
1502,white_grievance
4528,inferiority
84,stereotypical
5492,threatening
5637,threatening
5035,inferiority
4355,inferiority
5129,irony
5097,threatening
4912,irony
5933,inferiority
6199,irony
3323,incitement
1003,incitement
4794,irony
1071,irony
6295,stereotypical
1293,white_grievance
3500,white_grievance
3257,stereotypical
1750,stereotypical
3046,white_grievance
5076,threatening
5840,irony
4695,threatening
449,stereotypical
1741,incitement
5343,threatening
5311,threatening
4566,inferiority
3652,white_grievance
2033,incitement
571,incitement
3268,stereotypical
3420,white_grievance
2397,stereotypical
12,white_grievance
6240,inferiority
2346,incitement
1178,white_grievance
4613,inferiority
5117,threatening
5950,inferiority
5597,threatening
4693,irony
5234,threatening
1364,white_grievance
5524,threatening
3187,stereotypical
5564,threatening
4507,inferiority
2893,white_grievance
5527,threatening
5552,threatening
5709,inferiority
1385,stereotypical
438,stereotypical
237,irony
2064,incitement
5405,incitement
3016,stereotypical
1197,inferiority
4116,stereotypical
5427,incitement
939,white_grievance
605,incitement
1427,incitement
2960,incitement
1516,inferiority
1069,white_grievance
3538,stereotypical
5477,threatening
2031,incitement
2577,incitement
963,stereotypical
3904,inferiority
610,incitement
4517,inferiority
779,white_grievance
29,white_grievance
3819,white_grievance
5888,irony
4898,threatening
3318,incitement
186,stereotypical
5423,irony
1227,incitement
5794,threatening
1948,white_grievance
6257,other
4644,inferiority
4704,irony
995,stereotypical
2324,incitement
2487,white_grievance
4478,inferiority
1356,irony
2320,white_grievance
460,incitement
2709,stereotypical
5159,stereotypical
298,stereotypical
5720,inferiority
3435,stereotypical
539,irony
3436,white_grievance
950,white_grievance
6148,irony
2027,white_grievance
1779,inferiority
6286,stereotypical
1560,stereotypical
4666,threatening
128,incitement
5451,irony
2339,stereotypical
2851,white_grievance
4875,irony
307,white_grievance
2760,incitement
2954,incitement
6019,irony
2877,incitement
3778,white_grievance
4210,inferiority
2293,white_grievance
2131,white_grievance
4799,irony
2461,irony
5306,incitement
5128,white_grievance
1586,stereotypical
6122,irony
1501,stereotypical
6055,irony
6278,inferiority
3998,white_grievance
2719,white_grievance
2409,threatening
151,other
3378,white_grievance
3997,white_grievance
4080,incitement
4859,inferiority
5734,threatening
4988,irony
2223,incitement
6157,irony
2833,white_grievance
4414,inferiority
1736,incitement
4439,inferiority
693,inferiority
1445,incitement
5243,threatening
2245,incitement
4787,irony
3781,white_grievance
2873,white_grievance
4925,irony
2963,incitement
1923,incitement
313,stereotypical
2924,incitement
33,white_grievance
4063,stereotypical
5218,threatening
5540,threatening
3706,incitement
4509,inferiority
1566,stereotypical
4471,inferiority
5236,threatening
202,inferiority
5237,threatening
2073,incitement
5197,threatening
3599,inferiority
6204,irony
716,stereotypical
2884,stereotypical
3608,incitement
1607,incitement
1078,incitement
548,stereotypical
1802,incitement
93,white_grievance
1036,other
1130,stereotypical
3619,stereotypical
516,stereotypical
5339,incitement
3518,white_grievance
3281,inferiority
4447,inferiority
8,incitement
1662,white_grievance
4127,white_grievance
1778,stereotypical
6229,inferiority
4466,stereotypical
3479,white_grievance
6136,irony
3203,stereotypical
475,incitement
3253,white_grievance
2729,stereotypical
2319,white_grievance
2907,white_grievance
5316,white_grievance
6104,irony
6013,irony
832,irony
5663,threatening
5361,threatening
4951,white_grievance
3986,white_grievance
4235,inferiority
5986,irony
575,incitement
3163,other
1562,white_grievance
1592,stereotypical
4104,white_grievance
3087,incitement
6290,stereotypical
3004,stereotypical
1151,white_grievance
5101,threatening
4774,irony
1553,white_grievance
4547,inferiority
1652,stereotypical
2774,incitement
432,white_grievance
3261,white_grievance
4373,inferiority
6142,irony
1155,irony
2448,inferiority
1729,incitement
2510,stereotypical
816,white_grievance
2034,white_grievance
2297,stereotypical
2071,incitement
3361,irony
5902,irony
1688,white_grievance
687,white_grievance
5651,irony
6071,irony
5033,inferiority
3871,white_grievance
1378,white_grievance
5407,incitement
3498,incitement
5473,threatening
4655,inferiority
3421,white_grievance
3777,white_grievance
4677,irony
4962,irony
4658,inferiority
661,stereotypical
3954,white_grievance
3289,white_grievance
2640,stereotypical
4224,inferiority
3645,incitement
1206,irony
3305,inferiority
5068,threatening
5955,irony
1316,stereotypical
4362,inferiority
3224,incitement
2011,white_grievance
5390,threatening
2379,stereotypical
3002,white_grievance
4656,inferiority
3710,inferiority
2252,white_grievance
3647,white_grievance
3721,threatening
551,stereotypical
3794,incitement
103,stereotypical
6033,irony
2095,other
635,stereotypical
3084,incitement
5028,inferiority
5515,irony
5568,threatening
3341,stereotypical
878,incitement
5216,white_grievance
1755,inferiority
3661,incitement
3039,threatening
5481,threatening
5868,irony
5543,threatening
5147,threatening
4039,incitement
4490,inferiority
723,stereotypical
2814,irony
5578,threatening
1887,white_grievance
5058,threatening
4919,inferiority
5667,threatening
1129,white_grievance
2826,white_grievance
3223,white_grievance
3846,white_grievance
5232,incitement
5480,threatening
2799,white_grievance
4239,inferiority
968,white_grievance
6180,irony
2548,white_grievance
5938,irony
2072,white_grievance
1974,white_grievance
2372,stereotypical
5726,threatening
2376,incitement
3905,white_grievance
6096,irony
2673,white_grievance
2972,incitement
145,incitement
1318,white_grievance
5697,inferiority
3349,incitement
4954,irony
2831,white_grievance
5354,threatening
5689,threatening
2387,incitement
118,stereotypical
285,inferiority
5869,threatening
2359,incitement
5275,threatening
4882,irony
688,white_grievance
3668,threatening
448,stereotypical
4906,stereotypical
709,white_grievance
845,incitement
165,stereotypical
2794,stereotypical
2357,white_grievance
4530,threatening
5989,irony
5336,threatening
3120,incitement
3566,other
4486,inferiority
2450,white_grievance
399,other
960,stereotypical
2566,inferiority
5701,inferiority
1882,white_grievance
5653,irony
4824,inferiority
5284,incitement
4542,inferiority
3543,stereotypical
2453,incitement
419,stereotypical
528,white_grievance
2786,stereotypical
5642,inferiority
5639,threatening
2950,stereotypical
991,white_grievance
3276,inferiority
5038,irony
4985,white_grievance
2731,incitement
2879,incitement
5847,irony
1805,incitement
4418,inferiority
978,other
975,white_grievance
549,white_grievance
2338,white_grievance
3806,incitement
1224,stereotypical
5982,irony
108,stereotypical
1749,white_grievance
4692,threatening
5984,irony
1101,incitement
483,stereotypical
6077,stereotypical
3744,threatening
5962,irony
1879,white_grievance
5081,white_grievance
5748,threatening
192,white_grievance
2615,white_grievance
4375,irony
6177,irony
271,incitement
3508,incitement
4567,inferiority
1288,threatening
4497,inferiority
981,stereotypical
2123,incitement
5167,incitement
4944,stereotypical
2191,white_grievance
573,incitement
1264,white_grievance
2921,incitement
4065,incitement
3765,stereotypical
4366,inferiority
2830,stereotypical
471,incitement
1343,stereotypical
6137,irony
2735,incitement
2625,incitement
2982,white_grievance
5665,threatening
272,white_grievance
4370,inferiority
6021,irony
2356,stereotypical
1092,incitement
5993,irony
795,incitement
3981,stereotypical
5231,irony
4778,inferiority
3273,incitement
2658,stereotypical
3694,white_grievance
5963,irony
1471,stereotypical
1053,incitement
6292,stereotypical
874,white_grievance
5398,threatening
6320,inferiority
2714,inferiority
1442,white_grievance
21,white_grievance
2942,incitement
65,incitement
5459,irony
15,stereotypical
4058,incitement
2458,white_grievance
6345,irony
3088,white_grievance
4346,inferiority
911,stereotypical
5053,irony
1132,inferiority
5386,threatening
5382,white_grievance
4086,incitement
1520,inferiority
4270,inferiority
3189,stereotypical
2479,white_grievance
1748,irony
5020,irony
3148,irony
5696,incitement
4701,inferiority
3735,incitement
5073,inferiority
2289,inferiority
1355,incitement
2759,incitement
5995,irony
4203,inferiority
5342,threatening
2456,stereotypical
5613,threatening
6100,irony
1953,white_grievance
2992,white_grievance
1322,incitement
3134,white_grievance
3417,white_grievance
4894,white_grievance
3472,incitement
2000,incitement
3303,incitement
2526,irony
1503,stereotypical
6226,other
4721,irony
3168,white_grievance
5600,threatening
4671,inferiority
2058,stereotypical
2214,white_grievance
2539,white_grievance
5916,inferiority
2218,incitement
2364,white_grievance
4617,irony
820,incitement
4570,inferiority
2966,incitement
5213,white_grievance
6267,stereotypical
64,white_grievance
6234,stereotypical
1340,white_grievance
3809,incitement
1978,incitement
858,stereotypical
1033,stereotypical
5300,incitement
371,white_grievance
1432,white_grievance
1732,white_grievance
296,white_grievance
4446,inferiority
3243,stereotypical
1631,white_grievance
902,incitement
4564,inferiority
4064,white_grievance
3481,incitement
2837,white_grievance
5703,inferiority
2750,white_grievance
464,incitement
5093,threatening
14,white_grievance
2056,white_grievance
1857,white_grievance
1390,incitement
1870,stereotypical
3594,white_grievance
6119,irony
4825,irony
232,white_grievance
4266,inferiority
3664,incitement
1559,stereotypical
1984,white_grievance
5674,threatening
1411,white_grievance
6189,irony
1678,stereotypical
1961,white_grievance
1605,stereotypical
5743,threatening
6276,other
4420,inferiority
4318,inferiority
5880,irony
2091,white_grievance
1252,white_grievance
2041,white_grievance
4084,white_grievance
5965,irony
673,other
2949,stereotypical
4431,inferiority
1400,inferiority
1011,white_grievance
6277,inferiority
5810,irony
3337,incitement
648,white_grievance
5609,threatening
435,stereotypical
1210,incitement
2936,white_grievance
4301,inferiority
5230,irony
1019,inferiority
751,white_grievance
1452,irony
616,stereotypical
4619,irony
5409,threatening
5850,irony
1231,stereotypical
3859,inferiority
1789,incitement
3782,stereotypical
4587,inferiority
686,white_grievance
6022,irony
5517,threatening
740,incitement
838,white_grievance
4811,inferiority
636,incitement
5698,irony
5790,threatening
4229,inferiority
5368,threatening
3277,incitement
598,white_grievance
1154,white_grievance
4851,threatening
255,white_grievance
1720,other
2493,incitement
5620,threatening
5184,threatening
2872,incitement
3702,threatening
1334,other
3151,incitement
474,stereotypical
2839,incitement
1479,white_grievance
3945,incitement
4742,inferiority
5340,threatening
3227,incitement
3654,stereotypical
517,stereotypical
1148,inferiority
2528,white_grievance
1994,incitement
1332,incitement
1406,incitement
1368,stereotypical
2202,incitement
3839,inferiority
3166,white_grievance
5557,threatening
3220,incitement
4341,inferiority
3458,inferiority
3988,incitement
4689,irony
3520,white_grievance
5793,threatening
6314,irony
5057,threatening
5867,inferiority
173,incitement
2589,incitement
689,white_grievance
772,white_grievance
5333,threatening
2629,white_grievance
5137,white_grievance
4298,inferiority
4182,inferiority
4209,inferiority
443,white_grievance
4316,inferiority
2846,incitement
27,stereotypical
3429,stereotypical
6322,irony
6080,inferiority
2208,incitement
2457,white_grievance
2003,stereotypical
523,stereotypical
5690,inferiority
2542,white_grievance
1035,white_grievance
3442,stereotypical
4709,irony
1590,stereotypical
348,inferiority
2215,white_grievance
1326,other
4989,inferiority
2743,incitement
595,incitement
948,other
4484,inferiority
227,stereotypical
3006,incitement
4557,inferiority
2708,stereotypical
3093,stereotypical
1449,stereotypical
5452,threatening
2298,white_grievance
4371,inferiority
5728,threatening
1312,stereotypical
6327,inferiority
4390,inferiority
4004,incitement
5353,threatening
5821,irony
4981,irony
2416,stereotypical
2193,irony
1108,incitement
1985,stereotypical
3685,incitement
4169,inferiority
2803,incitement
3201,white_grievance
4976,incitement
4179,inferiority
2282,white_grievance
5733,threatening
3222,white_grievance
473,incitement
2020,white_grievance
6166,threatening
13,stereotypical
1912,inferiority
3852,white_grievance
3086,incitement
5897,irony
1627,stereotypical
3586,incitement
1339,white_grievance
562,incitement
4135,stereotypical
4842,threatening
1540,white_grievance
3125,irony
1458,white_grievance
2043,incitement
4487,inferiority
3434,white_grievance
6171,irony
2044,white_grievance
3553,other
3404,incitement
2086,inferiority
2370,white_grievance
3286,white_grievance
3136,white_grievance
530,stereotypical
4979,inferiority
2236,incitement
2077,white_grievance
1831,stereotypical
3577,white_grievance
4358,inferiority
4340,irony
2277,incitement
1581,incitement
5335,incitement
5239,threatening
1090,white_grievance
2052,stereotypical
2362,inferiority
3295,incitement
6097,irony
4798,irony
2984,stereotypical
2254,incitement
4914,irony
4255,inferiority
5807,irony
1584,white_grievance
1189,white_grievance
5135,threatening
3601,white_grievance
3245,white_grievance
102,other
3949,incitement
6264,other
662,white_grievance
5704,threatening
3272,incitement
5975,irony
6149,irony
4154,inferiority
5669,threatening
4368,inferiority
3933,stereotypical
1104,stereotypical
3071,inferiority
3938,stereotypical
3966,white_grievance
1257,stereotypical
1531,white_grievance
806,incitement
3646,incitement
2476,incitement
725,stereotypical
2396,incitement
2733,white_grievance
3516,incitement
1259,incitement
2386,white_grievance
5956,irony
2630,white_grievance
5004,inferiority
2874,threatening
2776,incitement
3496,white_grievance
5381,threatening
2101,white_grievance
3014,incitement
392,incitement
3523,incitement
5206,white_grievance
441,incitement
3037,incitement
1734,incitement
4716,irony
6153,irony
5582,threatening
4820,irony
2857,stereotypical
2522,incitement
4661,inferiority
5448,irony
3196,inferiority
6307,inferiority
3110,white_grievance
5894,irony
5094,white_grievance
5645,threatening
424,white_grievance
727,white_grievance
1919,white_grievance
777,white_grievance
6061,irony
6225,other
47,stereotypical
5586,irony
2341,white_grievance
4498,stereotypical
1065,white_grievance
2212,irony
2550,incitement
350,white_grievance
131,stereotypical
3126,stereotypical
3530,stereotypical
4916,irony
6215,inferiority
4763,inferiority
2198,other
4162,inferiority
261,stereotypical
3849,inferiority
2626,stereotypical
5874,irony
2987,incitement
4059,stereotypical
4256,inferiority
4834,threatening
2380,white_grievance
2993,stereotypical
4534,inferiority
428,incitement
101,stereotypical
2434,white_grievance
3546,stereotypical
2812,white_grievance
512,irony
1509,incitement
4460,inferiority
3844,white_grievance
4892,irony
4646,threatening
2664,white_grievance
6127,stereotypical
3990,white_grievance
4374,threatening
1202,stereotypical
401,white_grievance
3970,stereotypical
5039,threatening
2595,stereotypical
2445,stereotypical
57,incitement
2648,white_grievance
159,inferiority
2845,incitement
3494,stereotypical
886,incitement
5947,inferiority
344,incitement
4191,inferiority
3008,stereotypical
993,white_grievance
6338,irony
5624,threatening
4042,white_grievance
3287,incitement
317,incitement
736,stereotypical
4351,inferiority
2956,threatening
3689,stereotypical
2819,stereotypical
3205,white_grievance
5851,irony
2844,white_grievance
1239,incitement
3696,incitement
717,incitement
385,incitement
965,white_grievance
3675,incitement
1375,incitement
655,stereotypical
3414,stereotypical
11,stereotypical
4265,inferiority
4657,inferiority
2704,inferiority
156,incitement
2875,stereotypical
3745,stereotypical
5926,irony
2811,incitement
2393,stereotypical
1852,incitement
1601,stereotypical
4397,inferiority
712,incitement
6007,irony
3358,white_grievance
3961,stereotypical
5273,incitement
3441,white_grievance
5008,threatening
2498,inferiority
2647,white_grievance
5285,incitement
3950,inferiority
3805,incitement
4929,white_grievance
6228,stereotypical
472,stereotypical
3444,white_grievance
3486,incitement
2474,stereotypical
4262,inferiority
5397,incitement
324,inferiority
283,incitement
4622,inferiority
4398,inferiority
4277,inferiority
2702,white_grievance
2126,white_grievance
1112,incitement
4034,incitement
382,incitement
2130,stereotypical
5908,irony
4674,inferiority
4010,stereotypical
837,stereotypical
5040,threatening
4523,inferiority
5215,threatening
540,white_grievance
4445,inferiority
1651,white_grievance
4248,inferiority
2927,incitement
4696,irony
2435,white_grievance
4797,irony
1780,stereotypical
3242,stereotypical
4623,inferiority
5503,threatening
1830,incitement
5757,incitement
3885,incitement
5811,irony
2139,white_grievance
3169,incitement
5920,inferiority
905,white_grievance
4921,inferiority
6289,stereotypical
1897,incitement
604,white_grievance
5612,threatening
581,stereotypical
1099,stereotypical
1880,stereotypical
2248,irony
5571,irony
553,white_grievance
1094,incitement
5047,threatening
953,stereotypical
5966,irony
3115,incitement
2247,white_grievance
6009,irony
4645,inferiority
4522,inferiority
2344,white_grievance
1167,stereotypical
4771,inferiority
1701,incitement
2377,stereotypical
2002,incitement
842,stereotypical
4401,inferiority
2099,stereotypical
644,stereotypical
5164,incitement
2680,white_grievance
2363,white_grievance
785,stereotypical
4723,irony
4339,inferiority
2903,inferiority
5786,threatening
2459,stereotypical
2259,white_grievance
3118,white_grievance
4741,irony
4600,inferiority
1698,stereotypical
1217,stereotypical
944,stereotypical
1246,stereotypical
6072,irony
1244,stereotypical
5133,threatening
3503,incitement
1947,inferiority
5864,inferiority
6266,stereotypical
3815,incitement
4961,irony
6216,stereotypical
3283,white_grievance
672,irony
17,incitement
3880,white_grievance
4249,inferiority
1766,stereotypical
2657,white_grievance
1585,white_grievance
2062,white_grievance
4950,incitement
2929,stereotypical
6333,irony
4615,inferiority
1467,white_grievance
1901,inferiority
2501,irony
5828,stereotypical
5103,threatening
2271,incitement
6301,stereotypical
4189,inferiority
2124,white_grievance
5464,irony
3943,white_grievance
2937,incitement
6027,irony
4319,inferiority
3570,white_grievance
5959,irony
4483,inferiority
5270,incitement
4607,irony
3856,white_grievance
6089,inferiority
4772,irony
297,incitement
5607,irony
3374,white_grievance
1374,white_grievance
4590,inferiority
3671,white_grievance
169,incitement
3487,incitement
1274,irony
5165,incitement
4505,stereotypical
2886,stereotypical
1,irony
2160,white_grievance
2446,white_grievance
1301,white_grievance
2686,white_grievance
2544,white_grievance
3031,stereotypical
2428,stereotypical
3751,incitement
3810,white_grievance
2732,incitement
437,stereotypical
1121,stereotypical
1670,stereotypical
2876,white_grievance
3382,stereotypical
697,white_grievance
1126,stereotypical
606,stereotypical
4334,inferiority
967,stereotypical
2587,incitement
2045,stereotypical
5104,irony
5679,inferiority
1821,stereotypical
430,white_grievance
1795,stereotypical
4254,inferiority
5842,irony
5140,threatening
3977,stereotypical
2337,white_grievance
3659,stereotypical
3402,white_grievance
2012,inferiority
2766,stereotypical
1659,white_grievance
4549,threatening
4598,inferiority
5961,irony
5109,threatening
4884,irony
1143,white_grievance
1017,stereotypical
3967,incitement
2299,stereotypical
1954,incitement
1788,stereotypical
1603,white_grievance
3719,incitement
851,white_grievance
444,incitement
402,white_grievance
5521,inferiority
5879,irony
245,stereotypical
1781,incitement
982,stereotypical
984,stereotypical
5814,white_grievance
5160,threatening
4707,inferiority
478,incitement
2269,incitement
3913,incitement
4407,inferiority
5635,threatening
5205,white_grievance
2127,other
671,stereotypical
3314,stereotypical
4780,irony
3941,incitement
1139,white_grievance
810,irony
5561,threatening
3621,incitement
2594,stereotypical
1025,other
4730,inferiority
2406,inferiority
3906,white_grievance
5691,threatening
2710,incitement
5871,inferiority
3890,inferiority
2939,stereotypical
1393,white_grievance
3916,white_grievance
2059,incitement
75,white_grievance
1561,white_grievance
4259,inferiority
2932,white_grievance
3431,incitement
813,incitement
1446,stereotypical
1232,incitement
359,white_grievance
1512,stereotypical
3948,white_grievance
4829,irony
208,stereotypical
1992,incitement
3579,white_grievance
4167,irony
2158,incitement
97,incitement
5017,irony
2292,white_grievance
1401,white_grievance
22,incitement
554,incitement
3590,incitement
1885,white_grievance
2553,incitement
591,threatening
2136,stereotypical
5954,irony
5170,threatening
4688,inferiority
6105,irony
3769,white_grievance
4801,inferiority
2614,incitement
3650,white_grievance
5196,threatening
3542,stereotypical
4759,irony
2535,irony
5106,irony
3194,inferiority
1015,stereotypical
1898,incitement
190,inferiority
4106,stereotypical
5716,threatening
5575,threatening
5062,threatening
144,incitement
1076,incitement
4654,inferiority
3159,white_grievance
1937,incitement
1436,incitement
2318,white_grievance
2706,white_grievance
5181,white_grievance
2532,white_grievance
3780,white_grievance
5700,threatening
4175,inferiority
811,white_grievance
2115,white_grievance
3636,incitement
5245,threatening
5798,threatening
1944,white_grievance
609,incitement
4909,irony
4315,inferiority
40,incitement
3467,stereotypical
1309,stereotypical
2863,white_grievance
4924,inferiority
1716,white_grievance
5056,threatening
6065,irony
1967,white_grievance
3469,stereotypical
4349,inferiority
2100,white_grievance
855,white_grievance
561,white_grievance
6211,irony
4750,irony
2943,incitement
1667,stereotypical
5478,threatening
2637,white_grievance
4178,irony
2751,white_grievance
2265,incitement
3030,white_grievance
2353,incitement
2053,white_grievance
788,incitement
711,incitement
2404,stereotypical
1118,incitement
3455,other
1278,stereotypical
2583,white_grievance
4561,inferiority
6165,irony
4474,inferiority
3221,white_grievance
4893,irony
6134,inferiority
2021,incitement
1582,incitement
5763,incitement
4142,white_grievance
1485,incitement
5970,irony
451,incitement
2274,white_grievance
3279,irony
1699,white_grievance
1268,white_grievance
4036,stereotypical
357,stereotypical
2119,stereotypical
3438,incitement
5223,white_grievance
4056,stereotypical
947,inferiority
632,stereotypical
2757,irony
5370,white_grievance
3598,incitement
1327,white_grievance
4947,irony
4099,white_grievance
4636,inferiority
2467,inferiority
5598,threatening
3697,stereotypical
394,white_grievance
907,white_grievance
6236,irony
239,white_grievance
1594,stereotypical
1426,white_grievance
1709,irony
1021,stereotypical
5257,threatening
2262,white_grievance
2789,stereotypical
2998,stereotypical
4143,stereotypical
3758,stereotypical
3927,white_grievance
1523,white_grievance
1818,stereotypical
2426,white_grievance
1878,white_grievance
3848,inferiority
2971,incitement
1300,inferiority
5735,threatening
1980,incitement
4595,inferiority
3082,incitement
4515,inferiority
2546,incitement
3775,white_grievance
5784,threatening
5985,irony
1487,incitement
5107,threatening
2251,incitement
4856,irony
2321,white_grievance
5260,threatening
4458,inferiority
3700,incitement
4608,inferiority
2959,incitement
1351,white_grievance
3575,stereotypical
5522,threatening
3401,white_grievance
3687,stereotypical
5560,threatening
436,stereotypical
906,stereotypical
4927,white_grievance
3356,white_grievance
3171,stereotypical
5075,threatening
3748,incitement
5384,incitement
3529,white_grievance
1527,incitement
6249,stereotypical
343,white_grievance
5739,threatening
3807,white_grievance
3978,incitement
5758,threatening
2323,stereotypical
1273,stereotypical
3912,stereotypical
1580,white_grievance
5538,irony
2107,stereotypical
2931,incitement
1949,white_grievance
4467,inferiority
2184,stereotypical
1530,white_grievance
4719,inferiority
5971,irony
49,stereotypical
6184,irony
4573,inferiority
908,incitement
3182,white_grievance
5824,irony
4828,irony
3829,white_grievance
5032,irony
2623,incitement
5764,threatening
5672,threatening
973,white_grievance
4079,incitement
4171,inferiority
6141,irony
599,white_grievance
5695,irony
1361,white_grievance
1547,white_grievance
4959,incitement
